[{"name": "animationwindow", "id": "440a33c@@animationwindow@sta", "type": "static library", "defined_in": "C:\\C++\\Chess_2\\subprojects\\animationwindow\\meson.build", "filename": ["C:\\C++\\Chess_2\\builddir\\subprojects\\animationwindow\\libanimationwindow.a"], "build_by_default": true, "target_sources": [{"language": "cpp", "compiler": ["C:\\mingw64\\bin\\clang++"], "parameters": ["-IC:\\C++\\Chess_2\\builddir\\subprojects\\animationwindow\\libanimationwindow.a.p", "-IC:\\C++\\Chess_2\\builddir\\subprojects\\animationwindow", "-IC:\\C++\\Chess_2\\subprojects\\animationwindow", "-IC:\\C++\\Chess_2\\subprojects\\animationwindow\\include", "-IC:\\C++\\Chess_2\\subprojects\\sdl2_windows\\include\\SDL2", "-IC:\\C++\\Chess_2\\subprojects\\sdl2_image_windows\\include\\SDL2", "-fcolor-diagnostics", "-D_FILE_OFFSET_BITS=64", "-Wall", "-Winvalid-pch", "-Wnon-virtual-dtor", "-Wextra", "-std=c++17", "-O0", "-g"], "sources": ["C:\\C++\\Chess_2\\subprojects\\animationwindow\\src/internal/FontCache.cpp", "C:\\C++\\Chess_2\\subprojects\\animationwindow\\src/internal/KeyboardKeyConverter.cpp", "C:\\C++\\Chess_2\\subprojects\\animationwindow\\src/internal/nuklear_implementation.cpp", "C:\\C++\\Chess_2\\subprojects\\animationwindow\\src/widgets/Button.cpp", "C:\\C++\\Chess_2\\subprojects\\animationwindow\\src/widgets/TextInput.cpp", "C:\\C++\\Chess_2\\subprojects\\animationwindow\\src/widgets/DropdownList.cpp", "C:\\C++\\Chess_2\\subprojects\\animationwindow\\src/AnimationWindow.cpp", "C:\\C++\\Chess_2\\subprojects\\animationwindow\\src/Color.cpp", "C:\\C++\\Chess_2\\subprojects\\animationwindow\\src/Image.cpp", "C:\\C++\\Chess_2\\subprojects\\animationwindow\\src/Widget.cpp"], "generated_sources": []}], "extra_files": [], "subproject": "animationwindow", "installed": true, "install_filename": ["c:\\lib\\libanimationwindow.a"]}, {"name": "program", "id": "program@exe", "type": "executable", "defined_in": "C:\\C++\\Chess_2\\meson.build", "filename": ["C:\\C++\\Chess_2\\builddir\\program.exe"], "build_by_default": true, "target_sources": [{"language": "cpp", "compiler": ["C:\\mingw64\\bin\\clang++"], "parameters": ["-IC:\\C++\\Chess_2\\builddir\\program.exe.p", "-IC:\\C++\\Chess_2\\builddir", "-IC:\\C++\\Chess_2", "-IC:\\C++\\Chess_2\\subprojects\\animationwindow\\include", "-IC:\\C++\\Chess_2\\subprojects\\sdl2_windows\\include\\SDL2", "-fcolor-diagnostics", "-D_FILE_OFFSET_BITS=64", "-Wall", "-Winvalid-pch", "-Wnon-virtual-dtor", "-Wextra", "-std=c++17", "-O0", "-g", "-Wconversion", "-fdiagnostics-color=always", "-Werror=return-type", "-fcolor-diagnostics", "-fansi-escape-codes"], "sources": ["C:\\C++\\Chess_2\\Board.cpp", "C:\\C++\\Chess_2\\ChessWindow.cpp", "C:\\C++\\Chess_2\\Piece.cpp", "C:\\C++\\Chess_2\\Tile.cpp", "C:\\C++\\Chess_2\\main.cpp"], "generated_sources": []}], "extra_files": [], "subproject": null, "installed": false}]