{"targets": {"C:\\C++\\Chess_2\\builddir\\subprojects\\animationwindow\\libanimationwindow.a": {"destination": "{libdir_static}\\libanimationwindow.a", "tag": "devel"}}, "data": {"C:\\C++\\Chess_2\\builddir\\meson-private\\animationwindow.pc": {"destination": "{libdir}\\pkgconfig\\animationwindow.pc", "tag": "devel"}}, "install_subdirs": {"C:\\C++\\Chess_2\\subprojects\\animationwindow\\include": {"destination": "{prefix}\\.\\include", "tag": null}, "C:\\C++\\Chess_2\\subprojects\\animationwindow\\src": {"destination": "{prefix}\\.\\src", "tag": null}}}